PATIENT,BIRTHDATE,DEATHDATE,SSN,DRIVERS,PASSPORT,PREFIX,FIRST,LAST,SUFFIX,MAIDEN,MARITAL,RACE,ETHNICITY,GENDER,BIRTHPLACE,ADDRESS,CITY,STATE,COUNTY,ZIP,LAT,LON,HEALTHCARE_EXPENSES,HEALTHCARE_COVERAGE,COVID,DIED,CLASS
7eace1e5-d1c3-4267-be98-0981b0df0764,1923-01-03,1995-11-15,999-63-3152,S99910260,X22452097X,Mrs.,Angelena945,Windler79,,Toy286,M,white,hispanic,F,Somerville  Massachusetts  US,1096 Daniel Wynd Apt 95,Framingham,Massachusetts,Middlesex County,1701.0,42.28889318400961,-71.43924160181399,1697530.34,12571.85,False,True,no_covid_died
525b6aa6-6d57-44b8-b9fa-f917fc73b61c,1917-10-22,1993-11-09,999-82-1999,S99996289,X11852805X,Mr.,Nicholas495,Bradtke547,,,S,white,nonhispanic,M,Belchertown  Massachusetts  US,573 Rodriguez Dale Apt 63,Hingham,Massachusetts,Plymouth County,,42.22514542457605,-70.84917618504821,1385094.25,9948.06,False,True,no_covid_died
9c0ef4c9-e0c6-415e-8ec2-f97e24dbf0be,1948-12-15,1981-04-29,999-29-9098,S99932678,X51519189X,Mrs.,Sage164,Gutkowski940,,Swift555,M,white,nonhispanic,F,Somerville  Massachusetts  US,417 Kerluke Skyway Unit 17,Blackstone,Massachusetts,Worcester County,,42.004802209559934,-71.53358600320183,705012.64,15112.91,False,True,no_covid_died
227b477a-9c8d-4820-bae9-83697ec945e7,1912-09-25,1977-09-21,999-33-1584,S99913468,X79617193X,Mr.,Freddy176,Harris789,,,M,white,nonhispanic,M,Medford  Massachusetts  US,355 Rosenbaum Alley Apt 20,Lynn,Massachusetts,Essex County,1905.0,42.470143102374514,-71.06391802807241,1417608.44,16868.29,False,True,no_covid_died
c2b47758-6a03-4aac-866a-e699021c9d23,1913-04-16,1981-06-06,999-22-4380,S99941082,X86856707X,Mrs.,Victoria535,Considine820,,Grady603,M,white,nonhispanic,F,Stow  Massachusetts  US,118 Ernser Underpass,Shrewsbury,Massachusetts,Worcester County,,42.30380383112465,-71.69616761068825,1294639.45,12201.999999999998,False,True,no_covid_died
6a9af508-c89e-4b71-bada-b67295d1ca23,1942-11-24,2003-07-15,999-93-1990,S99936477,X48391993X,Mr.,Harold594,Reichel38,,,M,white,nonhispanic,M,Chicopee  Massachusetts  US,413 Rodriguez Ramp Unit 81,Fall River,Massachusetts,Bristol County,2721.0,41.670537483631655,-71.17191497826445,1550254.78,7400.12,False,True,no_covid_died
9eb75c61-8e6b-436a-a938-8aa2f9313bc1,1922-08-15,1995-04-25,999-35-6978,S99975051,X75639713X,Mr.,Marshall526,Bernier607,,,M,black,nonhispanic,M,Groton  Massachusetts  US,108 Grady Row Unit 6,Worcester,Massachusetts,Worcester County,1606.0,42.29912907719804,-71.81656981725506,1457228.22,46253.48999999999,False,True,no_covid_died
46815a2d-74c3-4546-b72a-cd5df8dedc07,1911-12-17,1975-02-12,999-42-8857,S99983389,X53740910X,Mr.,Reyes140,Wiza601,,,M,white,nonhispanic,M,Worcester  Massachusetts  US,174 Runolfsdottir Extension,West Tisbury,Massachusetts,Dukes County,,41.43936060460848,-70.68103657009873,1680721.65,3856.32,False,True,no_covid_died
5dff6304-2aa0-4991-a18e-c34485a40241,1923-01-03,1980-07-17,999-63-9956,S99963546,X31566907X,Mrs.,Beatriz277,Stehr398,,Williamson769,M,white,hispanic,F,Bridgewater  Massachusetts  US,774 Thompson Ramp Apt 6,Framingham,Massachusetts,Middlesex County,,42.28562206087767,-71.39821437011534,1258024.63,5740.16,False,True,no_covid_died
19a68195-4c9a-4792-87ea-5c2679b1eb64,1924-06-03,1992-05-05,999-32-1668,S99949532,X80251173X,Mrs.,Lavette209,Graham902,,Okuneva707,M,white,nonhispanic,F,Quincy  Massachusetts  US,171 Feeney Trail Suite 38,Acushnet,Massachusetts,Bristol County,,41.69063637706506,-70.87457991496272,1388521.84,16346.619999999995,False,True,no_covid_died
ce7857a0-cd2d-4c02-b2c0-f1b4e6a768f8,1984-12-31,2019-05-08,999-58-4643,S99996598,X64338775X,Mrs.,Ricki338,Brekke496,,Wisozk929,M,white,nonhispanic,F,Waltham  Massachusetts  US,622 Beahan Ranch Unit 71,Yarmouth,Massachusetts,Barnstable County,,41.63989823557445,-70.2192151816402,760366.52,7068.779999999999,False,True,no_covid_died
d28534e8-9913-4958-8251-b2d3258d240d,1964-08-25,2020-02-29,999-34-5067,S99961293,X38399719X,Mr.,Thaddeus38,Hand679,,,M,white,nonhispanic,M,Dartmouth  Massachusetts  US,420 Feeney Spur Unit 26,Springfield,Massachusetts,Hampden County,1128.0,42.18842835034207,-72.57592851923336,1349986.83,7133.52,False,True,no_covid_died
d371b734-9dad-40e2-afc2-b089311be374,1941-02-28,1979-09-14,999-25-8900,S99992549,X57816521X,Mr.,Edwardo860,Weissnat378,,,S,black,hispanic,M,Plymouth  Massachusetts  US,117 Runolfsson Path,Springfield,Massachusetts,Hampden County,1105.0,42.16612372748273,-72.5717306828817,7080.599999999999,0.0,False,True,no_covid_died
ff1163fb-6be9-4339-9c8e-512574e36ad4,1924-06-06,2011-05-13,999-97-8953,S99959640,X72494011X,Mr.,Alvin56,Williamson769,,,M,white,hispanic,M,Milford  Massachusetts  US,900 Pfeffer Ville,Southbridge,Massachusetts,Worcester County,,42.08568105137518,-72.03470797270808,1560990.49,17334.25,False,True,no_covid_died
5a74ebc9-7923-4b92-a2ad-83464cf10483,1954-06-18,2018-07-15,999-20-8197,S99936456,X43715202X,Ms.,Bessie423,Kunze215,,,S,white,nonhispanic,F,Springfield  Massachusetts  US,642 Klein Mission Apt 67,Brockton,Massachusetts,Plymouth County,2301.0,42.09271531073468,-71.0549139865955,1380653.79,12088.85,False,True,no_covid_died
972c7a80-848d-491a-9855-340ef8c6a610,1911-12-17,1996-10-16,999-91-2446,S99940903,X85757311X,Mr.,Ollie731,Conn188,,,M,white,nonhispanic,M,Leominster  Massachusetts  US,976 Lebsack Dale Unit 81,West Tisbury,Massachusetts,Dukes County,,41.42025582328472,-70.6733207665589,1501125.76,351031.79000000004,False,True,no_covid_died
d400b110-44f8-4ff0-b56c-a12c0ed7910c,1923-10-21,1994-05-22,999-91-3016,S99951068,X39551426X,Mr.,José Eduardo181,Cazares77,,,M,white,hispanic,M,Port-au-Prince  Haiti  HT,413 Bogisich Park Unit 5,Agawam,Massachusetts,Hampden County,1030.0,42.107606372474336,-72.65401489869895,1532556.9300000002,11258.87,False,True,no_covid_died
4cca1356-2aa6-46de-9510-362dcc5fb077,1949-03-29,2005-03-19,999-82-2738,S99973709,X76398030X,Mrs.,Delphine397,Price929,,Goodwin327,M,white,nonhispanic,F,Leverett  Massachusetts  US,492 Bergnaum Parade,Haverhill,Massachusetts,Essex County,,42.7592504020355,-71.11158015267243,1282146.23,10036.149999999998,False,True,no_covid_died
53172fe7-5fac-4a90-a129-691496d28be7,1933-05-14,1994-12-05,999-67-8584,S99945872,X80495083X,Mrs.,Temeka297,Reichel38,,D'Amore443,M,white,nonhispanic,F,Beverly  Massachusetts  US,106 Kirlin Byway Unit 77,Waltham,Massachusetts,Middlesex County,,42.381315661451936,-71.27933169533965,1289280.73,448789.3000000002,False,True,no_covid_died
309f6ce4-5494-4458-8687-3f762778b2f4,1911-02-25,2009-01-10,999-60-8131,S99953214,X83848348X,Mrs.,Maricela194,Hane680,,McLaughlin530,M,white,nonhispanic,F,Worcester  Massachusetts  US,875 Lubowitz Arcade,Lowell,Massachusetts,Middlesex County,1852.0,42.63600818054539,-71.2496633553047,426530.56,72418.81999999999,False,True,no_covid_died
19e7b8e2-a2c1-43bc-b746-127fb21515d6,1929-12-22,2008-07-12,999-48-5843,S99991944,X87340496X,Mr.,Weldon459,Bauch723,,,M,black,nonhispanic,M,Lexington  Massachusetts  US,309 Walter Wall Apt 51,Newton,Massachusetts,Middlesex County,2467.0,42.297473968771,-71.2030163933304,1695616.5,20715.52,False,True,no_covid_died
8a4c833f-4b68-41c6-8cc7-6449b8627a60,1938-04-15,2009-07-25,999-44-5976,S99935849,X9002069X,Mr.,Marcos263,Senger904,,,S,black,nonhispanic,M,East Longmeadow  Massachusetts  US,287 Bruen Avenue,Milford,Massachusetts,Worcester County,,42.20054989487324,-71.49108900695798,1672807.97,186077.20000000004,False,True,no_covid_died
8e64055e-0e1b-425c-ac96-27e4f242a17f,1920-12-04,1985-01-30,999-44-9212,S99963250,X44368255X,Mr.,Morton637,Volkman526,,,M,white,nonhispanic,M,Mattapoisett  Massachusetts  US,138 Windler Manor Suite 5,Orange,Massachusetts,Franklin County,1364.0,42.56584095310856,-72.29366396753326,19139.48,0.0,False,True,no_covid_died
0485befe-359c-4441-905e-1950f7a91038,1948-06-30,2014-05-21,999-56-9764,S99924047,X56275102X,Mr.,Romeo514,Block661,,,M,white,nonhispanic,M,Adams  Massachusetts  US,913 Mosciski Promenade,Easthampton,Massachusetts,Hampshire County,1027.0,42.25050878329001,-72.64289868257717,1505211.6700000002,6486.839999999999,False,True,no_covid_died
e6370380-0a16-46da-8270-05ee380161f0,1915-08-10,1988-12-27,999-25-4756,S99966916,X55750956X,Mrs.,Karren465,Dach178,,Blick895,M,white,nonhispanic,F,Taunton  Massachusetts  US,751 Batz Meadow Apt 8,Pepperell,Massachusetts,Middlesex County,1463.0,42.650008555147416,-71.64680261668819,1404187.54,10937.159999999998,False,True,no_covid_died
753132a6-eb3d-4a27-8f58-26e96f65b900,1914-06-11,1995-07-07,999-33-4600,S99972255,X31681560X,Mrs.,Illa976,Ritchie586,,Weber641,M,white,hispanic,F,Boston  Massachusetts  US,133 Lebsack Annex,Brockton,Massachusetts,Plymouth County,2301.0,42.0934242757189,-70.97064498046933,1486707.16,13013.759999999998,False,True,no_covid_died
2eac435b-cfd8-4628-87c3-42de2d8822c4,1968-06-14,1991-04-26,999-76-2282,S99961877,X67058542X,Ms.,Filomena215,Powlowski563,,,,white,nonhispanic,F,Wellesley  Massachusetts  US,750 Rau Rue Suite 75,Brockton,Massachusetts,Plymouth County,2302.0,42.12507257646747,-70.9723194803687,539383.52,3448.5799999999995,False,True,no_covid_died
60b1aee3-c811-4cae-81c5-019095bc5ce3,1926-11-14,2005-06-12,999-35-9820,S99953869,X25891749X,Mr.,Mickey576,Corkery305,,,M,white,nonhispanic,M,Winchester  Massachusetts  US,759 Beer Harbor Apt 98,Milford,Massachusetts,Worcester County,,42.20835769568862,-71.49891849236955,1694157.26,10953.15,False,True,no_covid_died
c432852e-979e-494c-af63-636cd2d6ae49,1912-10-28,1970-08-15,999-44-7252,S99937712,X29776901X,Mrs.,Virgie92,Deckow585,,Casper496,M,black,hispanic,F,Haverhill  Massachusetts  US,612 Bauch Knoll,Springfield,Massachusetts,Hampden County,1118.0,42.116465497024265,-72.50511655016378,1248023.83,30996.61999999999,False,True,no_covid_died
83ed6a40-08ce-4a74-a7ad-43032bbef231,1949-01-07,1955-02-05,999-93-3247,,,,Anastasia959,Hoeger474,,,,white,nonhispanic,F,Boston  Massachusetts  US,511 Yost Ville Unit 36,Boston,Massachusetts,Suffolk County,2118.0,42.26916239202588,-71.07542905224892,127651.25,1032.36,False,True,no_covid_died
aa40e1b1-77ce-4df8-a7e4-ba5f426d48b2,1954-09-29,2015-04-23,999-62-8636,S99983524,X5641979X,Mrs.,Anika194,Larson43,,Kohler843,M,native,nonhispanic,F,Webster  Massachusetts  US,521 Blick View,Norton,Massachusetts,Bristol County,,41.98315770897538,-71.13403840052821,116271.47,12122.2,False,True,no_covid_died
e112c34a-4129-4cfa-b6ec-ec7a7d9729fd,1914-06-15,1991-08-03,999-61-8558,S99943132,X3045868X,Mrs.,Vi771,Strosin214,,Rowe323,M,white,nonhispanic,F,West Tisbury  Massachusetts  US,713 Veum Neck Suite 30,Wilmington,Massachusetts,Middlesex County,,42.51703528371177,-71.19747869568698,1466334.4,19881.12,False,True,no_covid_died
1b95f3c6-b984-4eac-bf63-8afeb582528d,1952-08-06,2020-03-27,999-11-5298,S99947141,X46936409X,Mr.,Devin82,Cole117,,,M,black,nonhispanic,M,Sandwich  Massachusetts  US,833 McClure Underpass Suite 69,Attleboro,Massachusetts,Bristol County,2703.0,41.88559837036382,-71.30842630072827,1607707.1800000002,10437.57,False,True,no_covid_died
bf6a7341-fbb9-4e07-99f3-e0e045e9bc4d,1958-11-25,2020-03-24,999-36-1435,S99910851,X85289603X,Mr.,Roderick835,Wuckert783,,,M,white,nonhispanic,M,Sudbury  Massachusetts  US,626 Leannon Byway Suite 4,Leominster,Massachusetts,Worcester County,1420.0,42.541423242384745,-71.77704619065157,1336169.65,14876.25,False,True,no_covid_died
a19cce8c-d391-44b7-a362-81b970619a69,1922-08-22,1976-11-14,999-17-1306,S99916178,X2900629X,Mrs.,Felicidad691,Terry864,,Reynolds644,M,white,nonhispanic,F,Lawrence  Massachusetts  US,151 DuBuque Parade Suite 66,Leominster,Massachusetts,Worcester County,1420.0,42.51563499967352,-71.75960490696414,1138118.83,11847.879999999996,False,True,no_covid_died
a25fea9d-4b23-4908-93b2-c82fa6e3dff4,1937-07-06,2013-01-25,999-57-7873,S99978538,X42488121X,Mrs.,Marchelle563,Sawayn19,,Kulas532,M,white,nonhispanic,F,Salem  Massachusetts  US,734 Feil Extension Suite 89,Brockton,Massachusetts,Plymouth County,2301.0,42.09667236203975,-71.08637326778081,1580698.61,7382.639999999999,False,True,no_covid_died
ed8d41a3-9f14-48bf-8ac1-ae8a1f11f24e,1953-06-18,2009-01-02,999-15-3300,S99912769,X33645093X,Mrs.,Mariko625,Mraz590,,Oberbrunner298,M,white,nonhispanic,F,Boston  Massachusetts  US,519 Fadel Fork Suite 92,Beverly,Massachusetts,Essex County,1915.0,42.53613990466437,-70.85902185522107,1273784.39,5908.56,False,True,no_covid_died
df31d6c1-54b9-435f-bcea-40d254a3b095,1935-10-05,2020-03-20,999-53-9921,S99993320,X53980606X,Mr.,Thurman577,Thiel172,,,M,black,nonhispanic,M,Framingham  Massachusetts  US,329 Deckow Walk Unit 21,Boston,Massachusetts,Suffolk County,2118.0,42.29971345910823,-71.17857980843603,1400985.23,12066.0,False,True,no_covid_died
00fb0c2d-042a-45c8-afba-a643803e9ce7,1926-11-14,1992-11-03,999-92-1315,S99951871,X23985640X,Mr.,Len277,Huels583,,,M,white,nonhispanic,M,Boston  Massachusetts  US,743 Schoen Port Apt 12,Milford,Massachusetts,Worcester County,,42.13195711611501,-71.536131154801,1738294.44,95872.89000000004,False,True,no_covid_died
d26c1733-38d6-422d-8960-d53ccb173fe4,1962-10-29,2015-05-26,999-42-5959,S99969757,X51477939X,Mrs.,Anthony633,Carroll471,,Russel238,M,black,nonhispanic,F,Chelmsford  Massachusetts  US,1014 Nader Junction,Boston,Massachusetts,Suffolk County,2126.0,42.39635470465555,-71.01769205839398,1353692.92,4249.639999999999,False,True,no_covid_died
87ca2512-34fa-45c1-8889-604b83bfa0ec,1916-08-26,1995-03-05,999-74-6274,S99967213,X29319023X,Mr.,Deshawn686,Farrell962,,,M,white,nonhispanic,M,Beverly  Massachusetts  US,769 Towne Union Suite 0,Lowell,Massachusetts,Middlesex County,1850.0,42.62743506955516,-71.36072268357833,1784126.12,11020.62,False,True,no_covid_died
40ad23b4-382e-4727-b3e8-926cad0a6782,1933-05-14,2019-05-03,999-24-5797,S99935940,X19625577X,Mrs.,Frankie174,Brakus656,,O'Connell601,M,white,nonhispanic,F,Holyoke  Massachusetts  US,1058 Auer Crossing,Waltham,Massachusetts,Middlesex County,2472.0,42.40096534533721,-71.25757660155756,1488912.88,51842.98999999999,False,True,no_covid_died
f0a3834a-f4b3-4811-a297-ec8268aba4f7,1920-06-05,2004-12-16,999-21-6854,S99956513,X32764192X,Mr.,Jonathon205,Metz686,,,M,white,nonhispanic,M,Belmont  Massachusetts  US,975 Johns Path Apt 94,Southampton,Massachusetts,Hampshire County,,42.2669097417235,-72.77669329433553,1712562.56,15671.15,False,True,no_covid_died
d0e110c0-4a61-4bbd-a3bd-1ef2a28e9c39,1965-08-31,1990-11-06,999-75-6049,S99993461,X22945770X,Mr.,Jack927,Ebert178,,,,white,nonhispanic,M,Hopedale  Massachusetts  US,981 Langworth Divide,Quincy,Massachusetts,Norfolk County,2170.0,42.29991889209936,-70.99005053798741,676737.94,2224.8,False,True,no_covid_died
b1385686-0b35-4366-a4f3-5b8779d18ecc,1922-08-15,2017-03-07,999-69-7819,S99940531,X1040156X,Mr.,Shayne60,Lubowitz58,,,M,black,nonhispanic,M,Boston  Massachusetts  US,245 Kutch Run Suite 3,Worcester,Massachusetts,Worcester County,1545.0,42.20602966306184,-71.75186874240093,1965666.36,154009.88999999998,False,True,no_covid_died
27b42a7c-e733-40ce-b140-4ac1ab7b711c,1946-01-26,2011-08-15,999-39-9426,S99960555,X418485X,Mr.,Winford225,Rowe323,,,S,white,nonhispanic,M,Chicopee  Massachusetts  US,673 Quitzon Key Unit 47,Newton,Massachusetts,Middlesex County,2462.0,42.34182641282043,-71.22593851725047,1645432.87,6970.2,False,True,no_covid_died
fc2ce8d2-d17b-4c45-9bad-9b2a52adad06,1949-10-23,1999-05-30,999-82-7407,S99920513,X25617627X,Mr.,Albert312,Orn563,,,S,white,nonhispanic,M,North Adams  Massachusetts  US,160 Von Throughway Apt 52,Norton,Massachusetts,Bristol County,,42.013853743932906,-71.134521549293,1249595.23,9303.2,False,True,no_covid_died
7ec261cc-5e13-47fe-85e9-2b4be0a10380,1910-01-25,1994-02-10,999-81-8254,S99964394,X31682539X,Mrs.,Roy364,Bartell116,,Keeling57,M,white,hispanic,F,Lynn  Massachusetts  US,208 Aufderhar Crossroad,Westfield,Massachusetts,Hampden County,,42.12674810660715,-72.79216244371838,1342395.56,19473.07,False,True,no_covid_died
99238f8e-dd05-404a-bbed-e0063c41e77d,1916-01-10,1984-08-31,999-90-2276,S99956796,X30521847X,Mr.,Cristobal567,Osorio731,,,M,white,hispanic,M,Panama City  Panama  PA,762 Schmidt Gateway,Stow,Massachusetts,Middlesex County,,42.44215829240111,-71.49530302278859,1680489.4,25890.01,False,True,no_covid_died
70ec234d-cdc2-4b87-950b-90284d2fa335,1942-06-16,1993-06-06,999-37-1303,S99991150,X11716169X,Mr.,Jerome176,Herman763,,,M,white,nonhispanic,M,Springfield  Massachusetts  US,226 Volkman Track Unit 61,Hopkinton,Massachusetts,Middlesex County,1748.0,42.22862367323966,-71.53691367944114,1047471.87,3195.4,False,True,no_covid_died
f3817929-ddc5-406e-89aa-459cb4698246,1936-02-18,2012-07-17,999-90-5959,S99972276,X43247873X,Mrs.,So684,Satterfield305,,Johnson679,M,white,hispanic,F,Newburyport  Massachusetts  US,558 Block Manor,Gloucester,Massachusetts,Essex County,1930.0,42.62220926271913,-70.6605439664693,254670.77,25460.77,False,True,no_covid_died
2ed1370b-0278-4446-80b1-3856d7927881,1941-03-01,2016-03-14,999-93-8767,S99984725,X32704493X,Mrs.,Richelle340,Moore224,,Hoppe518,M,white,hispanic,F,Braintree  Massachusetts  US,1037 Boyle Crossing,Brockton,Massachusetts,Plymouth County,2351.0,42.16292979520991,-70.95669065986407,288680.47,43046.35,False,True,no_covid_died
2e89c5fa-9150-4636-9466-c5a5417cb274,1964-04-21,1982-03-02,999-83-4285,S99916563,,,Bernita55,White193,,,,white,nonhispanic,F,West Springfield  Massachusetts  US,209 Upton Estate,Taunton,Massachusetts,Bristol County,,41.84621055239847,-71.04278076500384,389824.35,4770.99,False,True,no_covid_died
7475a593-3fa7-40c2-bbdf-86c68ebce67b,1918-10-20,2014-12-28,999-79-9102,S99923049,X85107656X,Ms.,Stacey209,Feest103,,,S,white,nonhispanic,F,Taunton  Massachusetts  US,884 Flatley Brook Apt 80,Waltham,Massachusetts,Middlesex County,2452.0,42.39466818494434,-71.27806978979672,1453446.91,45555.97,False,True,no_covid_died
69f09252-2aa2-4949-9e58-56561cb734b1,1925-08-06,1993-09-01,999-14-8924,S99976107,X82994572X,Mrs.,Shalanda398,Smitham825,,Ledner144,M,white,hispanic,F,Sharon  Massachusetts  US,533 Hackett Green Unit 46,Peabody,Massachusetts,Essex County,,42.56754567930562,-71.02143491518645,129844.33,9671.76,False,True,no_covid_died
b9202127-f177-48d1-aa66-347c67ee9804,1934-07-29,1994-10-09,999-69-4012,S99968672,X7242769X,Mr.,Alfredo17,Stiedemann542,,,M,black,nonhispanic,M,Everett  Massachusetts  US,1017 Bahringer Mill Unit 49,Worcester,Massachusetts,Worcester County,1605.0,42.2616863371134,-71.81179157281906,1502181.32,5915.999999999999,False,True,no_covid_died
85b48bba-d74a-4fbd-8849-3e965950eb56,1920-06-29,2011-01-08,999-32-5033,S99936329,X33711899X,Mr.,Jamie386,Stracke611,JD,,M,white,nonhispanic,M,Boston  Massachusetts  US,692 Roob Wynd Unit 83,Dighton,Massachusetts,Bristol County,,41.79825296766595,-71.18492789397942,1418521.78,13382.259999999998,False,True,no_covid_died
d22a55c1-11ae-410b-a619-12ca891cae1c,1922-04-30,2013-11-15,999-26-8326,S99934083,X70269246X,Mrs.,Sparkle906,Simonis280,,McCullough561,M,black,nonhispanic,F,Swampscott  Massachusetts  US,554 Shields Ville,Chatham,Massachusetts,Barnstable County,2633.0,41.70889313255641,-69.96776976080788,1556727.3,156860.8,False,True,no_covid_died
3a15b508-9fa8-4eff-839c-805cb44f4c9a,1935-11-22,2020-03-21,999-52-3944,S99979369,X80672337X,Mr.,Luke971,Hoppe518,,,M,white,nonhispanic,M,Shrewsbury  Massachusetts  US,892 Fay Park,Townsend,Massachusetts,Middlesex County,1469.0,42.65342152080774,-71.72749532507683,1785632.17,13870.88,False,True,no_covid_died
c77fe881-ab5f-4079-8dc8-4b5c99ab450c,1915-03-30,2006-08-08,999-10-9925,S99982761,X1046589X,Mrs.,Chin306,Denesik803,,O'Connell601,M,white,nonhispanic,F,Worcester  Massachusetts  US,968 Littel Rest Suite 81,Wellesley,Massachusetts,Norfolk County,,42.31789067445696,-71.28181566826946,1423567.01,24736.07,False,True,no_covid_died
2e7e45f1-07c0-4dfd-b103-f57593d10c60,1934-12-24,1996-07-18,999-96-6541,S99990600,X7259741X,Mr.,Luciano237,Gerhold939,,,M,white,nonhispanic,M,Stoughton  Massachusetts  US,761 Heidenreich Stravenue,Brookline,Massachusetts,Norfolk County,2467.0,42.374352785686135,-71.08812555525714,1341489.85,6331.879999999999,False,True,no_covid_died
10a33c59-c339-4af2-aa43-f20e4f7b7980,1910-01-16,2002-11-10,999-42-9488,S99976604,X37800700X,Mr.,Gregory545,Smitham825,,,M,white,nonhispanic,M,Pittsfield  Massachusetts  US,157 Legros Byway,Franklin,Massachusetts,Norfolk County,,42.08189181198966,-71.36683872671418,1506310.47,30163.34,False,True,no_covid_died
3ceae212-3aad-49cc-8810-619de7dc89ce,1921-04-12,1985-10-30,999-75-6317,S99921540,X50464103X,Mr.,Enrique929,Walter473,,,M,white,nonhispanic,M,St Petersburg  St Petersburg  RU,719 Carroll Forge Unit 71,Yarmouth,Massachusetts,Barnstable County,,41.70847563435849,-70.17694116587373,1329691.37,4719.36,False,True,no_covid_died
644c23ab-a127-45e6-8167-ce781647d7fa,1938-08-28,2010-01-03,999-95-4330,S99953555,X18954186X,Mrs.,Marisol435,Abshire638,,Bosco882,M,white,nonhispanic,F,Novosibirsk  Novosibirsk Oblast  RU,246 Vandervort Arcade Suite 59,Dartmouth,Massachusetts,Bristol County,,41.60725445758932,-70.99831543586886,1494633.08,14611.53,False,True,no_covid_died
c56a228b-6375-4cf1-8178-47159af29b2d,1910-11-30,1979-10-14,999-42-7649,S99920097,X58565194X,Mr.,Darrin898,Mosciski958,,,M,white,nonhispanic,M,Watertown  Massachusetts  US,891 Farrell Grove,Reading,Massachusetts,Middlesex County,1801.0,42.52583333653182,-71.08089878801299,1430775.74,21711.54,False,True,no_covid_died
cbac0349-9a52-4b97-9e7f-bb9072bb10a4,1965-01-23,2020-03-10,999-33-6097,S99974362,X22308778X,Mr.,Abraham100,Mayert710,,,M,white,nonhispanic,M,Boston  Massachusetts  US,587 Wiza Trace Apt 47,Ludlow,Massachusetts,Hampden County,,42.13790627507648,-72.50463611491989,1480683.41,5442.08,False,True,no_covid_died
99a99fb5-66e1-4b75-abdb-53197204bcfe,1922-01-25,2004-07-04,999-80-7686,S99997889,X61587611X,Mr.,Dane516,Wunsch504,,,M,white,nonhispanic,M,Leominster  Massachusetts  US,457 Schiller Vista Apt 88,Grafton,Massachusetts,Worcester County,,42.21910837560387,-71.68478571182841,1696695.86,8249.98,False,True,no_covid_died
33ed3e05-cb44-45ec-a51c-f618f9588ef4,1969-11-04,2020-03-05,999-44-5936,S99997306,X6610958X,Mr.,Felipe97,Howe413,,,M,white,nonhispanic,M,Dennis  Massachusetts  US,775 Terry Common Unit 63,Wilmington,Massachusetts,Middlesex County,,42.584546886782775,-71.20269434394251,1223898.24,6042.799999999999,False,True,no_covid_died
8c6e59ac-c172-48f6-9e3d-5bdce628ddef,1945-12-26,2020-03-25,999-54-8538,S99949672,X24691278X,Ms.,Alex454,Herzog843,,,S,white,nonhispanic,F,Greenfield  Massachusetts  US,354 Fay Path,Newton,Massachusetts,Middlesex County,2461.0,42.30658834742108,-71.19406156502728,1642047.08,9025.04,False,True,no_covid_died
939ae324-4db7-4437-80e2-657f2ee145c6,1936-05-09,1987-12-12,999-53-2678,S99928860,X21642059X,Mr.,Pasquale620,Schimmel440,,,M,white,nonhispanic,M,Douglas  Massachusetts  US,614 Kihn Path,Methuen,Massachusetts,Essex County,1844.0,42.73965339652559,-71.14846150630557,1307331.0,4979.52,False,True,no_covid_died
7a414c49-aca6-42d6-8e39-8467d3024b5d,1962-02-20,2020-03-22,999-88-7011,S99969785,X49465060X,Mr.,Jackie93,Bashirian201,,,M,white,nonhispanic,M,Granby  Massachusetts  US,252 Hane Estate,Lynn,Massachusetts,Essex County,,42.48820509565601,-70.94613459313307,178624.46,12553.48,False,True,no_covid_died
9dda0437-5050-4010-ae93-19f614dbb743,1933-10-21,2015-11-08,999-42-9321,S99925564,X231318X,Mr.,Isiah14,Upton904,,,M,white,nonhispanic,M,Andover  Massachusetts  US,387 Rutherford Trailer Suite 2,Boston,Massachusetts,Suffolk County,2163.0,42.26739592038546,-71.04235094152304,1386930.92,7486.37,False,True,no_covid_died
da9f5f12-ddcc-4468-ab82-a2686be9e529,1936-01-30,2020-03-08,999-72-9342,S99933063,X55873313X,Mr.,Felix524,Ortiz186,,,M,white,nonhispanic,M,Lawrence  Massachusetts  US,750 Rohan Orchard Unit 42,Groveland,Massachusetts,Essex County,,42.77203187040163,-71.05501510933468,1627950.07,8110.959999999999,False,True,no_covid_died
7dbfc4d2-0745-46d0-b5f0-cbac14335210,1938-08-28,1980-11-30,999-67-4494,S99936756,X12531471X,Mr.,Hobert364,Cremin516,,,S,white,nonhispanic,M,Lynnfield  Massachusetts  US,635 Vandervort Skyway,Cambridge,Massachusetts,Middlesex County,2142.0,42.38050959938858,-71.12660374255846,868016.96,2507.16,False,True,no_covid_died
cccbf053-5a6f-40cb-ae79-39bdb5dab5bf,1910-01-16,2003-12-10,999-51-4813,S99977640,X20051529X,Mr.,Moses679,Mohr916,,,M,white,nonhispanic,M,Orange  Massachusetts  US,764 Marquardt Flat Apt 35,Franklin,Massachusetts,Norfolk County,,42.03900619100527,-71.3843438712751,1815394.65,11656.01,False,True,no_covid_died
486bd7fd-c859-4e6d-a0c0-8bc9f8528648,1940-08-12,2007-07-09,999-91-2602,S99990544,X53265421X,Mrs.,Adrianna470,Johnson679,,Rempel203,M,white,nonhispanic,F,Fall River  Massachusetts  US,1001 Altenwerth Ferry Suite 74,Quincy,Massachusetts,Norfolk County,2186.0,42.24547906691912,-70.98962638296169,1416221.65,32907.02,False,True,no_covid_died
0c757d8d-6e4e-4577-b086-048e7441fa64,1933-09-14,2008-10-02,999-20-1380,S99930899,X86208179X,Mr.,Terry864,Zieme486,,,M,white,nonhispanic,M,Lynn  Massachusetts  US,409 Cummings Track Apt 29,Grafton,Massachusetts,Worcester County,,42.20948336813121,-71.66758104841212,1682430.3,14173.679999999998,False,True,no_covid_died
52bc4b48-926f-4ed5-a391-b88dabc38bdb,1947-09-23,2019-03-16,999-79-4075,S99981353,X4909133X,Mr.,Miguel Ángel46,Delatorre612,,,M,black,hispanic,M,Santiago de los Caballeros  Santiago  DO,267 Blick Wynd,Arlington,Massachusetts,Middlesex County,2474.0,42.40359201439034,-71.1358126862735,1607320.75,12130.579999999998,False,True,no_covid_died
43a8953f-859d-4f0d-bc45-7fa4e4cdc5c3,1945-08-07,2018-09-18,999-88-9036,S99950128,X56769141X,Mrs.,Willow678,Hessel84,,Predovic534,M,white,nonhispanic,F,Southbridge  Massachusetts  US,842 Erdman Ferry,Worcester,Massachusetts,Worcester County,1545.0,42.405097137315465,-71.80992150172439,1517432.49,10028.39,False,True,no_covid_died
aea28ab9-7359-4f9c-9631-df825b0993ea,1963-03-29,2012-01-27,999-83-8551,S99990618,X38583671X,Mrs.,Raymond398,Witting912,,Kozey370,M,white,nonhispanic,F,Fall River  Massachusetts  US,766 Witting Route,Haverhill,Massachusetts,Essex County,1835.0,42.76760404183019,-71.09521298122515,41397.14,1651.8599999999997,False,True,no_covid_died
ef356e6f-4ff3-49a9-ba18-3b6d270d216d,1953-01-03,2013-07-22,999-55-1226,S99924567,X49124812X,Mrs.,Reginia455,Bode78,,Cruickshank494,M,white,nonhispanic,F,Sturbridge  Massachusetts  US,416 Murazik Center,Wenham,Massachusetts,Essex County,,42.61841866394457,-70.84818396230641,1244656.2,12812.169999999998,False,True,no_covid_died
8b8a82e8-f5d6-40e8-baee-79366c068762,1946-10-28,2017-10-04,999-40-1280,S99930239,X52068441X,Mr.,Markus389,Harris789,,,M,white,nonhispanic,M,Springfield  Massachusetts  US,129 Torp Vale,Marblehead,Massachusetts,Essex County,,42.51998815478658,-70.89165745010186,1679046.56,11417.54,False,True,no_covid_died
73fbac14-e11b-41a1-8ca4-303d8984e2cb,1916-01-07,2002-04-19,999-38-2473,S99924762,X55922981X,Ms.,Renna830,Carter549,,,S,white,nonhispanic,F,Franklin  Massachusetts  US,973 Terry Quay,Boston,Massachusetts,Suffolk County,2135.0,42.26531066203773,-71.05816961132824,289746.55,33524.43,False,True,no_covid_died
3169f4e9-b744-4627-b623-5180d786e003,1964-11-07,2019-02-16,999-64-2296,S99952216,X28850604X,Ms.,Jamika47,Stroman228,,,S,white,nonhispanic,F,Boston  Massachusetts  US,970 Predovic Arcade,Belmont,Massachusetts,Middlesex County,2138.0,42.37055396860779,-71.18641911868055,1125811.37,11065.78,False,True,no_covid_died
99a55744-a991-4af5-8f29-c4f8fb55fb8a,1913-02-04,1988-08-05,999-37-9138,S99969228,X40340534X,Mrs.,Lurline371,Satterfield305,,Parisian75,M,black,nonhispanic,F,Barnstable  Massachusetts  US,902 Nader Heights,Cambridge,Massachusetts,Middlesex County,2138.0,42.33133631700235,-71.095040187944,1408207.4,12372.039999999995,False,True,no_covid_died
9ae520bf-dbe0-43eb-8622-a05d020c68f7,1926-11-14,2014-09-15,999-67-6612,S99998013,X55751917X,Mr.,Walter473,Hirthe744,,,M,white,nonhispanic,M,Westport  Massachusetts  US,439 Abshire Village Apt 22,Milford,Massachusetts,Worcester County,,42.18102615904067,-71.47187934800061,1639298.35,9501.87,False,True,no_covid_died
a407baa8-8810-43b8-9de4-99381e01baa5,1938-04-15,2011-03-04,999-39-3306,S99948264,X58602419X,Mr.,Claude750,Kuvalis369,,,S,black,nonhispanic,M,Revere  Massachusetts  US,197 Murray Meadow Unit 34,Milford,Massachusetts,Worcester County,,42.19903476456241,-71.48151457999352,1767913.9200000002,9524.02,False,True,no_covid_died
8eea4b5b-c3bd-4ecd-a26d-b14590515751,1929-12-22,2008-10-23,999-77-4833,S99942904,X42713121X,Mr.,Jeffery551,Graham902,,,M,black,nonhispanic,M,Amherst  Massachusetts  US,886 Harris Stravenue,Newton,Massachusetts,Middlesex County,2465.0,42.35283653402134,-71.22066293099324,1616808.37,428287.6200000001,False,True,no_covid_died
eb00239d-48e8-4ab0-8389-21254117fea4,1922-08-15,2020-03-24,999-54-7350,S99971551,X788714X,Mr.,Emmett200,Mitchell808,,,M,black,nonhispanic,M,Hingham  Massachusetts  US,418 Will Wall Unit 99,Worcester,Massachusetts,Worcester County,1608.0,42.31461610922747,-71.85511849650123,1746156.69,12710.45,False,True,no_covid_died
2b26a9fb-728d-4595-a78f-76aaa9a698d9,1910-06-26,1973-08-22,999-86-5791,S99931838,X71719475X,Mr.,Jae222,Romaguera67,,,M,white,nonhispanic,M,Springfield  Massachusetts  US,905 Blanda Forge Unit 89,Oak Bluffs,Massachusetts,Dukes County,,41.49071145976071,-70.56652469950184,1310913.14,13273.2,False,True,no_covid_died
319cb915-4dc5-4687-b82c-22bf2a6666f0,1964-02-11,1977-12-20,999-21-4524,,,,Douglass930,Dare640,,,,white,nonhispanic,M,Hadley  Massachusetts  US,454 Streich Drive,Mendon,Massachusetts,Worcester County,,42.06225919336637,-71.58527513524818,303402.37,3216.11,False,True,no_covid_died
29d8b209-952c-4bbd-b56c-fac57ad30628,1915-11-23,2005-01-04,999-12-4255,S99993691,X39153318X,Ms.,Kimberlee228,Wolf938,,,S,white,nonhispanic,F,Holbrook  Massachusetts  US,892 Jerde Road,Fall River,Massachusetts,Bristol County,2723.0,41.73036325203211,-71.18733395501252,1383444.03,67345.04,False,True,no_covid_died
e9ca83e1-988e-43a7-abd0-f401efa10e3c,1910-01-25,1975-08-05,999-59-2528,S99975974,X81224920X,Mrs.,Daisy746,Ledner144,,Greenholt190,M,white,hispanic,F,Norwood  Massachusetts  US,439 DuBuque Mission Unit 90,Westfield,Massachusetts,Hampden County,1086.0,42.08303854073216,-72.74993441498098,1350290.45,10822.199999999995,False,True,no_covid_died
461dbc52-b33a-4e35-aeea-8ebabf9e0c09,1956-10-17,1996-10-16,999-83-4882,S99918073,X27474774X,Mrs.,Kylie930,Johnston597,,D'Amore443,M,white,nonhispanic,F,Dartmouth  Massachusetts  US,320 Torphy Quay Suite 71,Boston,Massachusetts,Suffolk County,2126.0,42.2715345035746,-71.11153551581951,125636.78,6146.249999999999,False,True,no_covid_died
ca386486-7ac0-43f5-88c1-7e66b0455ed6,1915-10-02,1995-02-11,999-46-5165,S99928880,X67988133X,Mr.,Randy380,Frami345,,,S,black,nonhispanic,M,Greenfield  Massachusetts  US,705 Hansen Mill,Boston,Massachusetts,Suffolk County,,42.31256161992173,-71.11089000148365,1782276.93,21926.45,False,True,no_covid_died
8019f8fb-2f06-47bc-a057-33c0550c4f11,1932-07-18,1991-01-30,999-98-2485,S99952327,X12307239X,Mr.,Armando772,Nader710,,,S,black,nonhispanic,M,Springfield  Massachusetts  US,655 McCullough Esplanade Apt 55,Boston,Massachusetts,Suffolk County,2203.0,42.38781452597171,-71.07771612552084,1274351.07,5050.259999999999,False,True,no_covid_died
e57d23ca-c418-43a9-813a-e55960a61688,1915-11-21,2000-08-03,999-15-3843,S99986498,X11932906X,Mrs.,Luisa710,Hansen121,,Marvin195,M,white,nonhispanic,F,Worcester  Massachusetts  US,381 Kiehn Key Unit 97,Quincy,Massachusetts,Norfolk County,2171.0,42.249554076013226,-71.02454302549525,1528849.1,24052.34,False,True,no_covid_died
c7053cef-c3e3-4894-bd3c-138a30673ef7,1969-09-04,2006-09-09,999-74-2108,S99970298,X22392784X,Mr.,Julian715,Lueilwitz711,,,M,white,nonhispanic,M,Westminster  Massachusetts  US,692 Dickinson Junction,Webster,Massachusetts,Worcester County,1570.0,42.07968877059305,-71.81696734771737,998788.32,3392.2,False,True,no_covid_died
989e1455-e007-4c5f-9cdf-0bb0257a7c10,1935-11-22,2004-11-06,999-57-3651,S99917200,X75842355X,Mr.,Elden718,Conroy74,,,S,white,nonhispanic,M,Scituate  Massachusetts  US,712 Roob Tunnel Unit 82,Chelmsford,Massachusetts,Middlesex County,,42.632620722537176,-71.3265725358589,1712853.57,28875.93,False,True,no_covid_died
339fee55-1421-4e29-bb1d-13ce606e06f2,1945-04-07,2015-07-19,999-68-4450,S99913840,X15368013X,Mr.,Buster609,Purdy2,,,M,white,nonhispanic,M,Attleboro  Massachusetts  US,329 Yundt Throughway Unit 18,Plainville,Massachusetts,Norfolk County,,42.03873562722806,-71.34478594281896,1681298.4500000002,16350.979999999998,False,True,no_covid_died
a6bd0532-7c26-4a4f-82ea-a48a21aa82e0,1962-02-18,,999-48-8573,S99929402,X51647165X,Mrs.,Sofia418,Spencer878,,Hand679,M,white,hispanic,F,Boston  Massachusetts  US,991 Cartwright Promenade Apt 33,Boston,Massachusetts,Suffolk County,2118.0,42.36440487263547,-71.08463873156009,186554.34,16735.519999999997,False,False,no_covid_lived
0d49adcb-9fbe-42b6-b3a6-48d25c705d44,1951-08-20,,999-94-7431,S99970479,X71511610X,Mr.,Deshawn686,Yost751,,,M,asian,nonhispanic,M,Barnstable  Massachusetts  US,871 Lesch Corner Apt 29,Shrewsbury,Massachusetts,Worcester County,,42.28270236287864,-71.71767540551988,1740533.98,6276.71,False,False,no_covid_lived
3e3d0ee6-5efd-4376-8993-5cfc4cd7b0ed,2001-03-29,,999-30-6239,S99985470,,Ms.,Evalyn273,Renner328,,,,white,nonhispanic,F,Everett  Massachusetts  US,696 Gottlieb Junction Unit 82,Westport,Massachusetts,Bristol County,,41.59792256004995,-71.11042089780885,439995.59,3642.2,False,False,no_covid_lived
1db2140a-0ae5-4535-b8aa-77745b023921,1991-10-10,,999-63-6711,S99931999,X50363054X,Mrs.,Lean294,Trantow673,,Rogahn59,M,white,nonhispanic,F,Brockton  Massachusetts  US,430 Douglas Key Apt 71,Southbridge,Massachusetts,Worcester County,1550.0,42.058942711026766,-72.04650196130173,61560.0,2269.13,False,False,no_covid_lived
ffbee62e-b0de-44b0-a897-40c27adcd89f,1956-03-13,,999-17-2539,S99936077,X56927721X,Mr.,Luke971,Kuhic920,,,M,white,nonhispanic,M,Dudley  Massachusetts  US,432 Crist Hollow Suite 58,Watertown,Massachusetts,Middlesex County,2472.0,42.36167084514496,-71.15808917419274,1329448.91,5691.88,False,False,no_covid_lived
3501e12d-a12a-40aa-bf0e-671b739f38e4,1956-01-25,,999-39-7194,S99913983,X49776564X,Mrs.,Keely496,Kilback373,,Lemke654,M,black,nonhispanic,F,Bellingham  Massachusetts  US,739 Grady Ferry,Lynn,Massachusetts,Essex County,1904.0,42.42135749751157,-70.93161433647406,1382890.36,13163.759999999998,False,False,no_covid_lived
4c6c1d18-8358-437d-ba5f-2d252303eb1f,1969-05-02,,999-19-8993,S99972718,X60039696X,Mrs.,Gretchen912,Langworth352,,Thompson596,M,white,nonhispanic,F,Lawrence  Massachusetts  US,1079 Jakubowski Knoll Apt 33,Methuen,Massachusetts,Essex County,1844.0,42.711768596019546,-71.1821524302431,206679.35,3600.7999999999997,False,False,no_covid_lived
ac4f6ec5-c627-46a0-b93b-780c8ffcb7b7,1985-05-14,,999-58-4910,S99926712,X81684587X,Mr.,Houston994,Weissnat378,,,S,white,nonhispanic,M,Fall River  Massachusetts  US,213 Wuckert Harbor,Cambridge,Massachusetts,Middlesex County,2139.0,42.36679101208454,-71.21249136648323,892253.62,5404.56,False,False,no_covid_lived
c79d3ff6-6fff-42cb-beb9-96a24a2c4eb2,1970-02-10,,999-23-3496,S99933114,X38973413X,Mrs.,Clarita196,Kertzmann286,,Volkman526,M,white,nonhispanic,F,Northampton  Massachusetts  US,598 Daugherty Light Suite 73,Dracut,Massachusetts,Middlesex County,,42.66456840846493,-71.27602375181267,1114163.71,16093.419999999998,False,False,no_covid_lived
b1acc087-78de-40b2-90a2-eb832bbca319,1974-02-10,,999-29-7256,S99994881,X31602253X,Mrs.,Kendal125,Runolfsdottir785,,Reinger292,M,asian,nonhispanic,F,Amherst  Massachusetts  US,817 Schinner Pathway,Peabody,Massachusetts,Essex County,1960.0,42.56369289424251,-70.93177063141032,143729.88999999998,5892.799999999999,False,False,no_covid_lived
28a2ff0b-e871-4b59-9a81-2c11b153d74c,1991-07-31,,999-80-7192,S99916216,X47317743X,Mr.,Raúl937,Barragán638,,,M,black,nonhispanic,M,Puebla  Puebla  MX,977 Walker Station,Middleborough,Massachusetts,Plymouth County,,41.91482927055704,-70.87962520625099,767459.9,2738.96,False,False,no_covid_lived
ef7a3a0e-4387-4e3c-be28-c086eecb7bb5,1987-12-14,,999-55-7480,S99982318,X78117610X,Mr.,Theodore876,Hane680,,,M,white,nonhispanic,M,Taunton  Massachusetts  US,137 Hane Alley Suite 88,Yarmouth,Massachusetts,Barnstable County,,41.65528411642023,-70.17606314886169,828095.9,4288.84,False,False,no_covid_lived
632c9d4b-d39e-45d2-99c4-4372d3ebd096,1930-02-21,,999-62-6602,S99961619,X33337963X,Mr.,Dewayne363,VonRueden376,,,M,white,nonhispanic,M,Ludlow  Massachusetts  US,151 Braun Trail Suite 66,Duxbury,Massachusetts,Plymouth County,2332.0,42.010936533556006,-70.74133794935602,1410559.21,8634.61,False,False,no_covid_lived
cb89d478-b141-4e1d-951b-753159f69309,1941-03-25,,999-98-6482,S99914822,X74215981X,Mr.,Clay913,Weimann465,,,M,white,nonhispanic,M,Whitman  Massachusetts  US,446 Dibbert Crossing,Lowell,Massachusetts,Middlesex County,1852.0,42.62501024151504,-71.39790656780141,54615.58,3148.53,False,False,no_covid_lived
b8d9c48d-5f78-4777-8d28-5f11f135ca40,1947-01-03,,999-63-4826,S99928904,X44552779X,Mr.,Ricardo560,Gutkowski940,,,M,white,nonhispanic,M,Fitchburg  Massachusetts  US,1091 Paucek Forge Suite 47,Worcester,Massachusetts,Worcester County,1605.0,42.33943818748601,-71.77041774712197,250891.24,7386.009999999999,False,False,no_covid_lived
25d3da13-b95e-4c89-ae6d-1956cc6b1952,2000-10-29,,999-69-5045,S99967371,,Mr.,Leonel449,Littel644,,,,white,nonhispanic,M,Taunton  Massachusetts  US,942 Hagenes Glen Apt 15,Somerville,Massachusetts,Middlesex County,2143.0,42.34258060382047,-71.10445226019513,472215.6,3476.4,False,False,no_covid_lived
67879005-1794-444b-89f4-8750ee3fc798,1939-02-22,,999-96-7252,S99984625,X62475837X,Mr.,Angelo118,Crona259,,,M,white,nonhispanic,M,Framingham  Massachusetts  US,166 Abbott Terrace Unit 18,Raynham,Massachusetts,Bristol County,,41.98037840273977,-71.01731281586592,1387592.81,11815.81,False,False,no_covid_lived
15d29582-507c-4a60-b6e2-6481657505b2,1965-01-25,,999-76-2694,S99961744,X81640671X,Mrs.,Cristina921,Stamm704,,Renner328,M,white,nonhispanic,F,Boston  Massachusetts  US,282 Ferry Flat Suite 65,Mattapoisett,Massachusetts,Plymouth County,,41.64073155950787,-70.77236128792198,1280971.01,8096.049999999999,False,False,no_covid_lived
26e746e7-5dc3-4a76-8bb2-874a4ea35973,1953-07-17,,999-57-2521,S99920749,X24010633X,Mr.,Kermit56,Carter549,,,M,white,nonhispanic,M,Webster  Massachusetts  US,119 Cartwright Lane,New Bedford,Massachusetts,Bristol County,2748.0,41.64671401742724,-70.91868140019477,217638.36,27138.44,False,False,no_covid_lived
a647dabc-935d-4c9b-b46a-f3c07fafa3ab,2008-02-29,,999-84-7476,,,,Raymon366,Terry864,,,,white,nonhispanic,M,Quincy  Massachusetts  US,1085 Hartmann Walk Unit 38,Northbridge,Massachusetts,Worcester County,,42.09559492883587,-71.65177969953139,265533.14,3362.28,False,False,no_covid_lived
2ed9c33d-cfd9-4f8a-89d0-7dd145bd93c9,2017-07-03,,999-37-7355,,,,Amelia635,Hickle134,,,,white,nonhispanic,F,Falmouth  Massachusetts  US,1074 Keeling Vista Unit 74,Mansfield,Massachusetts,Bristol County,,42.00915093369179,-71.21089508433444,75720.0,1429.9199999999998,False,False,no_covid_lived
43493b3b-4975-4837-ac89-bd2e92a6ca08,1957-12-11,,999-98-4122,S99961989,X81019710X,Mr.,Thad495,Kutch271,,,M,white,nonhispanic,M,Worcester  Massachusetts  US,213 Witting Fork Unit 86,Northampton,Massachusetts,Hampshire County,,42.30209592022778,-72.64077520690215,192206.2,8611.19,False,False,no_covid_lived
d488870e-3025-4d8f-a9d7-7fda68946a2f,1960-08-28,,999-80-5276,S99964496,X86762646X,Mrs.,Pinkie318,Lind531,,Schimmel440,M,white,nonhispanic,F,Burlington  Massachusetts  US,189 Hayes Course Suite 32,Orange,Massachusetts,Franklin County,1364.0,42.57395433908008,-72.29751445040263,1365688.48,10037.009999999998,False,False,no_covid_lived
96b042e5-e62b-408e-8a6c-21c9ae2f1b34,1980-02-12,,999-62-2703,S99916110,X6854106X,Mr.,Darell496,Hermann103,,,M,white,nonhispanic,M,New Bedford  Massachusetts  US,144 MacGyver Passage,Attleboro,Massachusetts,Bristol County,2861.0,41.89283523175221,-71.37719919296458,972961.2,3340.52,False,False,no_covid_lived
3443fbc0-0e16-46f4-87d6-6d6374ec1bdf,1954-01-27,,999-64-4594,S99947192,X38404432X,Mr.,Gilberto712,Menchaca276,,,M,white,hispanic,M,Santiago  Santiago Province  CL,918 Windler Tunnel,Fall River,Massachusetts,Bristol County,2724.0,41.67790208259065,-71.13204745085261,1418518.05,16524.79,False,False,no_covid_lived
3c534e44-d34b-4897-972a-027a4aa1da5a,1986-06-10,,999-10-5775,S99960327,X75776871X,Mr.,Chad48,Hirthe744,,,M,black,nonhispanic,M,Worcester  Massachusetts  US,425 Hoeger Ville Apt 86,Boston,Massachusetts,Suffolk County,2151.0,42.32808157586931,-71.14958326301914,740050.44,3224.64,False,False,no_covid_lived
d669c38d-454c-4d6c-8a33-7f7b2bf7fa62,1977-08-11,,999-79-9245,S99954045,X65890805X,Mrs.,Jame231,Daniel959,,Turner526,M,black,nonhispanic,F,Westfield  Massachusetts  US,240 Cummings Center Suite 75,Boston,Massachusetts,Suffolk County,2114.0,42.34504152578431,-71.11088259450203,940296.17,5721.039999999999,False,False,no_covid_lived
397efacd-a90c-46fc-8727-2d0a6e07e3da,2004-09-21,,999-92-1100,,,,Katelyn962,Kub800,,,,white,nonhispanic,F,Bedford  Massachusetts  US,1071 Pouros Way Suite 56,Longmeadow,Massachusetts,Hampden County,1106.0,42.04232127883537,-72.57057036943067,360544.29,3378.92,False,False,no_covid_lived
5fbee7c6-92dc-42fb-b16f-4718711ce8ea,1991-12-01,,999-20-3587,S99994092,X60018049X,Mrs.,Marisa391,Turcotte120,,Padberg411,M,white,nonhispanic,F,Easthampton  Massachusetts  US,742 Daugherty Annex,Medfield,Massachusetts,Norfolk County,2052.0,42.19776911063028,-71.325128180742,11419.01,751.5999999999998,False,False,no_covid_lived
bca7a38b-4049-42f6-b5da-6742b508907c,1967-01-18,,999-66-5651,S99967537,X40363926X,Mrs.,Exie255,Marquardt819,,Nitzsche158,M,white,nonhispanic,F,Lexington  Massachusetts  US,259 Brekke Neck,Bridgewater,Massachusetts,Plymouth County,2324.0,41.98121312942884,-70.9340325114992,1244499.35,11180.05,False,False,no_covid_lived
1d3c3190-932d-4311-98ae-687c923190ae,1969-08-13,,999-39-7572,S99960197,X86905464X,Mrs.,Sherrell611,Bogisich202,,Hodkiewicz467,M,white,nonhispanic,F,North Attleborough  Massachusetts  US,329 Cartwright Meadow,South Hadley,Massachusetts,Hampshire County,,42.21898635196649,-72.57120350900628,1193680.51,10792.31,False,False,no_covid_lived
16c21247-03b9-4b24-a69c-871dd6e9a429,2006-11-15,,999-73-3118,,,,Idella49,Gerhold939,,,,white,nonhispanic,F,Newton  Massachusetts  US,1079 Hane Bridge,Woburn,Massachusetts,Middlesex County,1801.0,42.50766649865757,-71.20099448435185,29160.2,2163.2,False,False,no_covid_lived
985b527e-920e-4fe6-afff-1f32b29ecb78,1991-02-14,,999-86-9758,S99937551,X10764056X,Mr.,Patricio639,Sierra982,,,S,white,hispanic,M,Gaudalajara  Jalisco  MX,174 Cormier Bypass,Fall River,Massachusetts,Bristol County,2721.0,41.69149119982385,-71.11281773212977,636331.04,2928.88,False,False,no_covid_lived
26a40753-bf4c-4466-a8ff-e724fbc3e032,2006-05-04,,999-82-4916,,,,Marceline716,Konopelski743,,,,white,nonhispanic,F,Burlington  Massachusetts  US,128 Mohr Bypass,Acushnet,Massachusetts,Bristol County,,41.70462658823059,-70.86847811292601,339759.78,4573.84,False,False,no_covid_lived
91266a31-0988-4cea-bdec-68bd543b5871,1979-06-18,,999-68-9755,S99938558,X12027331X,Mrs.,Evette961,Carter549,,Anderson154,M,white,nonhispanic,F,Wayland  Massachusetts  US,315 Lakin Burg Apt 79,Marlborough,Massachusetts,Middlesex County,1752.0,42.357377679074446,-71.55749140512438,939079.22,6205.709999999999,False,False,no_covid_lived
25dfbfa5-bfd8-4415-bcd6-b9bea8891acb,1992-04-08,,999-74-6942,S99953674,X34445011X,Mr.,Forest317,Reilly981,,,M,asian,nonhispanic,M,Reading  Massachusetts  US,972 McCullough Vista,Quincy,Massachusetts,Norfolk County,,42.34235626031448,-71.04641765289743,747017.85,2664.8,False,False,no_covid_lived
77f3bf24-b643-45ed-a23c-d4b531e6b962,2013-10-11,,999-65-5255,,,,Hang682,Walter473,,,,white,nonhispanic,F,Boston  Massachusetts  US,572 Predovic Rapid,Quincy,Massachusetts,Norfolk County,2169.0,42.28296889696843,-71.07848910695999,136577.05,2281.52,False,False,no_covid_lived
a06640f3-6f11-4814-b3aa-3ef8b427ae82,2009-09-17,,999-51-3749,,,,Alberto639,Casárez469,,,,white,hispanic,M,Caracas  Capital District  VE,1032 Koch Gardens,Sharon,Massachusetts,Norfolk County,,42.083135758790256,-71.17763804791089,271351.41,2799.84,False,False,no_covid_lived
46437c34-18be-4093-8240-0e8e75436bff,1956-10-05,,999-44-6754,S99933137,X53334335X,Mr.,Isiah14,Lowe577,,,M,white,nonhispanic,M,Somerville  Massachusetts  US,204 Huels Throughway Apt 71,Oxford,Massachusetts,Worcester County,1540.0,42.156476791217216,-71.826394154902,1612508.73,7064.4,False,False,no_covid_lived
4469f8ef-8c19-4f53-9ecd-c353ad1261aa,1920-09-18,,999-74-4632,S99971881,X23239446X,Mrs.,Willa615,Abbott774,,Rempel203,M,white,nonhispanic,F,Worcester  Massachusetts  US,1083 Bechtelar Promenade Unit 30,Dartmouth,Massachusetts,Bristol County,,41.56006251754343,-71.00267492374223,1358657.47,25346.47,False,False,no_covid_lived
4017d979-d39c-4689-91fc-25880c7d85c6,1973-05-20,,999-45-4109,S99981270,X48725665X,Mr.,Cesar434,Keebler762,,,M,white,nonhispanic,M,Montague  Massachusetts  US,333 Hayes Corner,Williamstown,Massachusetts,Berkshire County,,42.68665855922028,-73.25047743301752,965666.39,3478.76,False,False,no_covid_lived
d5dd13c4-c31e-419c-8c02-47e4ca1ac5e2,2018-08-16,,999-65-5107,,,,Dorothea248,Ward668,,,,white,nonhispanic,F,New Bedford  Massachusetts  US,1079 Kuhn Orchard,Lowell,Massachusetts,Middlesex County,1854.0,42.6627289084441,-71.36456412317567,39825.0,1195.7599999999998,False,False,no_covid_lived
0dc4f9ea-4a36-44db-9c00-13a18391ffae,1975-11-20,,999-67-6477,S99923228,X50818109X,Mrs.,Tereasa291,Kessler503,,Stehr398,M,white,nonhispanic,F,Worcester  Massachusetts  US,278 Muller Gardens,Easthampton,Massachusetts,Hampshire County,,42.307677016332335,-72.73247935753922,998409.11,8050.049999999998,False,False,no_covid_lived
4c826ad6-e2a9-47ea-a6f8-e5f3545c36c7,1965-05-26,,999-57-1922,S99993046,X55020179X,Mr.,Sanford861,Cruickshank494,,,S,white,nonhispanic,M,Barnstable  Massachusetts  US,447 Zemlak Road,North Attleborough,Massachusetts,Bristol County,,41.95204285260272,-71.31050908330194,1324926.01,4819.56,False,False,no_covid_lived
cc474d45-b041-4bae-b35f-f362e08a8a31,2014-11-21,,999-96-1936,,,,Hortencia577,Kris249,,,,white,nonhispanic,F,Malden  Massachusetts  US,797 Zulauf Trail Apt 27,Bridgewater,Massachusetts,Plymouth County,,41.97751267239767,-70.97559454299014,141320.86,2154.04,False,False,no_covid_lived
91369e11-b944-4132-be0f-af46e880936b,1972-09-22,,999-58-9266,S99951549,X57129955X,Mr.,Cesar434,Klein929,,,M,white,nonhispanic,M,Danvers  Massachusetts  US,907 Ernser Parade Unit 37,Amherst,Massachusetts,Hampshire County,,42.33557813808884,-72.47082974843092,1266915.05,3148.08,False,False,no_covid_lived
ed4179e1-bd7e-4d4d-b185-14f396727dbf,2002-04-16,,999-94-2383,S99990940,,Ms.,Jeremy766,Kreiger457,,,,white,nonhispanic,F,Somerville  Massachusetts  US,405 Auer Boulevard,Lynn,Massachusetts,Essex County,1905.0,42.42805294849984,-70.95902010554819,440350.25,3540.56,False,False,no_covid_lived
78461748-32ed-4b72-887d-250fcf8da04d,1957-03-09,,999-63-3399,S99986889,X13705316X,Mrs.,Susan422,Koepp521,,Goyette777,M,white,hispanic,F,Boston  Massachusetts  US,247 Bogisich Highlands,Somerville,Massachusetts,Middlesex County,2140.0,42.389830155627806,-71.11940831928925,1390759.11,17177.03,False,False,no_covid_lived
338bf138-a428-4bb7-8713-dc9a36689dde,1955-03-19,,999-66-9795,S99953333,X10350222X,Mrs.,María Eugenia578,Mondragón635,,Barrios478,M,white,hispanic,F,Caguas  Puerto Rico  PR,727 Schaefer Wall Unit 89,Springfield,Massachusetts,Hampden County,1119.0,42.0921792010673,-72.55116216895271,847351.47,10135.929999999998,False,False,no_covid_lived
a6c496eb-accb-4d93-9364-f91de9c7ab20,1980-08-11,,999-93-6854,S99959673,X29555673X,Mr.,Elden718,Vandervort697,,,M,white,nonhispanic,M,Braintree  Massachusetts  US,513 Langworth Harbor Suite 49,Fall River,Massachusetts,Bristol County,2747.0,41.66175665423997,-71.17478833472613,98472.14,3118.57,False,False,no_covid_lived
5f566bb3-c7b1-4b96-88c4-10f48723c718,1962-06-24,,999-88-7841,S99957559,X65118494X,Mr.,Freddy176,Johns824,,,S,asian,nonhispanic,M,Falmouth  Massachusetts  US,472 Schmitt Ferry Apt 2,Belmont,Massachusetts,Middlesex County,2472.0,42.37984148994658,-71.1479597663302,1256071.1,5225.02,False,False,no_covid_lived
0c66bd07-21ff-4704-b167-3c10fb78c232,2012-03-04,,999-35-3648,,,,Miss492,Maggio310,,,,white,nonhispanic,F,Lynn  Massachusetts  US,882 Runte Wall Unit 64,Boston,Massachusetts,Suffolk County,2136.0,42.396868718523045,-70.97728984311044,178798.88,2528.91,False,False,no_covid_lived
1959d8d8-b15f-4425-91ae-99a2525d4305,1941-07-08,,999-70-3310,S99926220,X64161458X,Ms.,Brittny484,D'Amore443,,,S,white,nonhispanic,F,Hamburg  Hamburg  DE,1088 Hegmann Stravenue,Middleborough,Massachusetts,Plymouth County,,41.8686009557826,-70.91711912796575,1668007.9200000002,21383.59,False,False,no_covid_lived
63c9c915-8c76-492c-b5e5-c9898670b7fc,1975-01-28,,999-18-3918,S99949842,X59728511X,Mr.,Sonny285,Emard19,,,M,white,nonhispanic,M,Amherst  Massachusetts  US,477 Considine Row Suite 79,Holbrook,Massachusetts,Norfolk County,,42.11218754593285,-70.9800610957954,1046770.35,5180.36,False,False,no_covid_lived
05d41d3d-f0bb-4d5c-a3e7-d330a4ee3291,2018-04-08,,999-82-3788,,,,Alta896,Wintheiser220,,,,black,nonhispanic,F,Lowell  Massachusetts  US,382 Quigley Gate Apt 47,Springfield,Massachusetts,Hampden County,1118.0,42.08896583736507,-72.56527092553547,49601.82,1221.6,False,False,no_covid_lived
2fb2e800-aaa8-4de9-87f7-83bdb4c93e81,1955-01-05,,999-73-9148,S99980795,X6206679X,Mr.,Ignacio928,Nikolaus26,,,M,white,nonhispanic,M,Brookfield  Massachusetts  US,1030 O'Kon Loaf,Holbrook,Massachusetts,Norfolk County,2368.0,42.0974686781078,-70.95115935086517,1589285.04,8659.199999999999,False,False,no_covid_lived
cfec344a-839c-438f-93cb-8176aaed9af9,1979-09-10,,999-33-6187,S99965239,X7039401X,Mrs.,Drema139,Reilly981,,Wisoky380,M,white,nonhispanic,F,Webster  Massachusetts  US,677 Veum Forge,Boston,Massachusetts,Suffolk County,2114.0,42.28907706810472,-71.0056010333406,818958.71,5965.159999999999,False,False,no_covid_lived
ff1b984e-0791-41af-9ebf-4693d9889b79,1953-08-03,,999-57-6170,S99967791,X35239104X,Mrs.,Leonarda398,Watsica258,,Grady603,M,white,nonhispanic,F,Topsfield  Massachusetts  US,221 Hermann Harbor,Northampton,Massachusetts,Hampshire County,1062.0,42.33436470115601,-72.71254576759429,1575203.22,18435.34,False,False,no_covid_lived
4e32f581-0f8b-4f6a-bc55-eec46ea1969e,1961-05-14,,999-60-8699,S99943656,X18710448X,Mr.,Santo387,Skiles927,,,M,white,nonhispanic,M,Springfield  Massachusetts  US,127 Lockman Meadow,Somerset,Massachusetts,Bristol County,,41.745081070409,-71.20853021442964,1211300.65,4616.16,False,False,no_covid_lived
d03713a0-1566-4419-a6b0-82e2cd935431,1989-04-20,,999-26-2742,S99933381,X4016998X,Mrs.,Edwina60,Cassin499,,Will178,M,white,nonhispanic,F,Westfield  Massachusetts  US,961 Parker Spur,Lawrence,Massachusetts,Essex County,1841.0,42.68771039281694,-71.19488272373725,789920.16,3748.84,False,False,no_covid_lived
0114d24b-f0aa-425f-822f-afe437a81d1f,1933-08-13,,999-37-6587,S99953966,X84730256X,Mr.,Donnell534,Kihn564,,,M,white,nonhispanic,M,Uxbridge  Massachusetts  US,462 Skiles Harbor,Oak Bluffs,Massachusetts,Dukes County,,41.4899224829867,-70.51852595453393,1481903.34,12638.64,False,False,no_covid_lived
1561be27-bf00-4959-bb73-31339f50a2a8,1978-05-04,,999-66-8508,S99948821,X80645504X,Mr.,Eldon28,Romaguera67,,,S,white,nonhispanic,M,Chelmsford  Massachusetts  US,495 Kerluke Bypass Unit 68,Marlborough,Massachusetts,Middlesex County,1752.0,42.34891816461396,-71.5132552447815,1116552.65,2999.76,False,False,no_covid_lived
ad33fd5f-cb2d-4753-9820-a8c2ef57e74f,1936-01-25,,999-62-7664,S99993284,X69766594X,Ms.,Ginger664,Sipes176,,,S,white,nonhispanic,F,Haverhill  Massachusetts  US,500 Stroman Trail,Douglas,Massachusetts,Worcester County,,42.004678886855295,-71.72687126641966,1607393.77,129138.19000000008,False,False,no_covid_lived
e4f2ee93-89f0-4339-b079-5b174190e18e,1964-01-02,,999-51-2834,S99986733,X17488994X,Mrs.,Muoi890,Huels583,,Romaguera67,M,white,nonhispanic,F,Brockton  Massachusetts  US,764 Stokes Vista,Medway,Massachusetts,Norfolk County,,42.18684061153454,-71.46568867528029,1339637.32,8032.559999999999,False,False,no_covid_lived
90f30b51-1bde-47d4-beb2-a2bb53d9124b,1999-01-20,,999-78-1139,S99977438,X40204541X,Mr.,Salvador46,Ybarra887,,,,white,hispanic,M,Ponce  Puerto Rico  PR,749 Hackett Viaduct Unit 58,Methuen,Massachusetts,Essex County,,42.70605887427271,-71.20401203870246,439039.92,2908.08,False,False,no_covid_lived
eac17af8-31b1-40e3-b459-90b8954c4eb2,1976-07-18,,999-54-9630,S99912684,X59095574X,Mr.,Matt836,Durgan499,,,M,white,nonhispanic,M,Northampton  Massachusetts  US,672 Walsh Stravenue Apt 57,Norwood,Massachusetts,Norfolk County,,42.16450173510437,-71.16344918202849,1212833.84,4626.32,False,False,no_covid_lived
7ef3679b-42b8-4da7-8fcf-42c37a632e8a,1969-01-17,,999-41-2557,S99950259,X32435573X,Mrs.,Kristina583,Brekke496,,Lang846,M,white,nonhispanic,F,Belchertown  Massachusetts  US,989 Barton Mall Apt 89,Belchertown,Massachusetts,Hampshire County,,42.28985960273494,-72.44406307825223,1201683.19,15130.15,False,False,no_covid_lived
a1a826a1-836a-40e3-9420-b3c6bfe95b8e,2000-08-12,,999-33-1999,S99935117,,Mr.,Keenan632,Turcotte120,,,,asian,nonhispanic,M,Falmouth  Massachusetts  US,385 Lueilwitz Parade Suite 67,Malden,Massachusetts,Middlesex County,,42.41174695511813,-71.12870031662189,455144.3,3583.04,False,False,no_covid_lived
01277eee-8cd9-4f77-a6d6-c058e106d9cc,1975-02-04,,999-37-4784,S99996297,X58908766X,Mr.,Harold594,Berge125,,,M,black,nonhispanic,M,Ashland  Massachusetts  US,159 Bartell Trafficway,Norfolk,Massachusetts,Norfolk County,,42.07883191217304,-71.34198180260921,1210105.37,4700.48,False,False,no_covid_lived
7fca3740-660d-4703-8bc7-ff36c1fd8e40,1932-06-26,,999-40-3665,S99935470,X43427568X,Mr.,Brant303,Frami345,,,M,white,nonhispanic,M,Chicopee  Massachusetts  US,462 Nader Flat,Hingham,Massachusetts,Plymouth County,,42.23892306299202,-70.89390899564404,1558628.93,12247.52,False,False,no_covid_lived
752c6c18-e41b-4325-838a-a320616d599f,1932-01-22,,999-17-7675,S99939196,X21772782X,Ms.,Audrey678,Hermiston71,,,S,black,nonhispanic,F,Wellesley  Massachusetts  US,510 Herzog Highlands,Cambridge,Massachusetts,Middlesex County,2140.0,42.35480268044917,-71.13464136091946,1695110.36,107200.63,False,False,no_covid_lived
4e707f41-2f33-4c51-8861-0154a2a9e2f9,1995-03-18,,999-19-6566,S99983508,X59943017X,Mr.,Alan320,Tillman293,,,,black,nonhispanic,M,Plymouth  Massachusetts  US,563 Hansen Ranch,New Bedford,Massachusetts,Bristol County,2744.0,41.76233817925245,-70.90212435214576,517921.76,2993.88,False,False,no_covid_lived
d5629caf-c1a7-4a5f-9c39-66848236441d,1978-12-14,,999-97-6659,S99919890,X1238787X,Mr.,Maxwell782,Cruickshank494,,,S,white,nonhispanic,M,Cambridge  Massachusetts  US,425 Hayes Burg Unit 66,Cambridge,Massachusetts,Middlesex County,2141.0,42.42841416207971,-71.12149974300178,129409.92,10365.46,False,False,no_covid_lived
e439d76e-e482-4c2b-91d2-d71e815056e7,2007-11-01,,999-93-6304,,,,Tanna708,Champlin946,,,,asian,nonhispanic,F,Plymouth  Massachusetts  US,462 Schiller Corner,Fall River,Massachusetts,Bristol County,2724.0,41.6174004088646,-71.09391368772036,257654.2,3056.48,False,False,no_covid_lived
09364c5b-edd0-49ff-a7a7-cfd1a585d99d,1954-09-06,,999-70-3925,S99960956,X72417943X,Mr.,Augustus49,Shields502,PhD,,M,white,nonhispanic,M,Westfield  Massachusetts  US,586 Jacobson Heights Apt 56,Winchester,Massachusetts,Middlesex County,1890.0,42.43933680177415,-71.12900425628125,1524342.37,8641.64,False,False,no_covid_lived
08cc6f53-4ba4-49a5-ad45-616201fdc2a5,1961-11-23,,999-74-3078,S99935078,X24488648X,Mr.,Mose244,Kertzmann286,,,M,white,hispanic,M,Quincy  Massachusetts  US,772 Mante Station,Worcester,Massachusetts,Worcester County,1608.0,42.33865204280674,-71.75669823339919,1420597.96,7005.2,False,False,no_covid_lived
a6a837b9-b85b-43f6-8f1b-7037d64dd919,1972-04-11,,999-58-3436,S99919627,X75325098X,Mrs.,Carolyne559,VonRueden376,,Rogahn59,M,white,nonhispanic,F,Milford  Massachusetts  US,583 Considine Lodge,Millis,Massachusetts,Norfolk County,,42.1606685582146,-71.33654032185571,155760.3,13858.059999999998,False,False,no_covid_lived
56886a93-95a2-4edb-ac59-eae8acb32068,2007-05-12,,999-64-1630,,,,Shaina440,Effertz744,,,,white,nonhispanic,F,Amherst  Massachusetts  US,177 Yundt Extension Suite 83,Gloucester,Massachusetts,Essex County,,42.664503568417466,-70.65746622242234,267711.07,3105.64,False,False,no_covid_lived
1908883b-4980-42a9-a50d-1fb011b1ddd5,2001-10-05,,999-72-8928,S99913121,,Ms.,Kali995,Gislason620,,,,white,nonhispanic,F,East Bridgewater  Massachusetts  US,795 Littel Light,Acton,Massachusetts,Middlesex County,,42.53036200481936,-71.43207996565945,472575.69,3329.76,False,False,no_covid_lived
e6e6a6fe-ad07-4a8c-a08c-aabc6a9be741,1973-07-06,,999-99-7817,S99929051,X5448271X,Ms.,Lucilla742,Mayert710,,,S,white,nonhispanic,F,Quincy  Massachusetts  US,428 Pacocha Trail Apt 68,Medford,Massachusetts,Middlesex County,2155.0,42.39291170870631,-71.14777150606604,1088775.01,5870.239999999999,False,False,no_covid_lived
05a38173-4346-4b64-be8b-9e2af5cb496d,1991-02-05,,999-79-9570,S99941099,X79699401X,Mrs.,Natacha644,Gulgowski816,,Leuschke194,M,white,nonhispanic,F,Franklin  Massachusetts  US,843 Littel Crossing,Boston,Massachusetts,Suffolk County,2108.0,42.32517002683988,-71.12503670075043,611874.45,8872.47,False,False,no_covid_lived
91550846-c779-42c8-a42f-b404f7e93794,1962-10-11,,999-19-8817,S99928444,X73538164X,Mr.,Homero668,Carrillo204,,,S,white,hispanic,M,Gaudalajara  Jalisco  MX,627 Weissnat Fork,Boston,Massachusetts,Suffolk County,2128.0,42.310934638643054,-71.07009021172313,1551414.63,5590.4,False,False,no_covid_lived
be38f26d-da3b-4b51-b416-04096759c86a,1971-12-02,,999-58-2341,S99992226,X31326297X,Ms.,Tanja584,Marks830,,,S,white,nonhispanic,F,Granby  Massachusetts  US,424 Nienow Station Unit 58,Webster,Massachusetts,Worcester County,1570.0,42.090193897727495,-71.80906246835664,1205321.53,8602.58,False,False,no_covid_lived
4202b776-adcd-4ced-83c3-9418dcb77df9,1971-06-13,,999-80-4051,S99950388,X44648545X,Mr.,Antonio44,Cotto891,,,M,white,hispanic,M,Juarez  Chihuahua  MX,623 Wintheiser Overpass,Townsend,Massachusetts,Middlesex County,,42.69618899887419,-71.72949229656582,153273.62,20283.13,False,False,no_covid_lived
e4fa1a9f-af5b-45f8-bbce-b0745e584d47,1987-08-26,,999-87-2715,S99949689,X85675545X,Mrs.,Kali995,Muller251,,Schroeder447,M,white,hispanic,F,New Bedford  Massachusetts  US,457 Stark Avenue Unit 69,Springfield,Massachusetts,Hampden County,1013.0,42.17035117208736,-72.59594167451436,613787.2,17536.379999999997,False,False,no_covid_lived
2c996b16-aee0-496f-abcb-f27db0668fb4,1984-03-04,,999-46-6168,S99962510,X83216946X,Mrs.,Adrien235,Price929,,Herzog843,M,white,nonhispanic,F,Middleton  Massachusetts  US,488 Bashirian Light,Winthrop,Massachusetts,Suffolk County,2152.0,42.39572375433904,-70.99342910556226,773278.0,6343.369999999999,False,False,no_covid_lived
cf73a172-f375-4305-bfc8-ea8b00f158af,2008-08-27,,999-10-1145,,,,Benita195,Monahan736,,,,black,nonhispanic,F,Acton  Massachusetts  US,996 Balistreri Parade Apt 65,Andover,Massachusetts,Essex County,1810.0,42.600333885968304,-71.15237751094587,249003.76,3468.08,False,False,no_covid_lived
0f64e8fb-7c49-465d-83ba-09367c3d228c,1972-09-18,,999-29-7954,S99921272,X77590291X,Mr.,Colby655,Lueilwitz711,,,M,white,nonhispanic,M,Medway  Massachusetts  US,623 Howell Harbor Apt 77,Worcester,Massachusetts,Worcester County,1583.0,42.20453436660534,-71.7600226295184,67649.04999999999,0.0,False,False,no_covid_lived
765657e2-269d-4653-b501-eb2a0b9767bb,1964-04-08,,999-27-6348,S99997058,X35529708X,Mr.,Douglass930,Huel628,,,S,white,hispanic,M,Gardner  Massachusetts  US,977 Weissnat Fork,Boston,Massachusetts,Suffolk County,2125.0,42.30369357092415,-71.07477876512534,1498193.33,4016.36,False,False,no_covid_lived
6ed48522-38a7-4d49-870f-8dbe2c042139,1957-04-12,,999-56-5273,S99948020,X14827157X,Mr.,Gary33,Kunze215,,,M,white,nonhispanic,M,Boston  Massachusetts  US,440 Koss Plaza,Brockton,Massachusetts,Plymouth County,2301.0,42.11355472471647,-70.956617396963,1294759.15,4972.8,False,False,no_covid_lived
cf8b5cc9-518c-4522-91f7-e606c9cc88f5,1989-07-07,,999-38-6643,S99939049,X3632627X,Mrs.,Christiana224,Kassulke119,,Deckow585,M,white,nonhispanic,F,Hampden  Massachusetts  US,501 Witting Viaduct Apt 75,Tyngsborough,Massachusetts,Middlesex County,,42.65744654303983,-71.40096888540708,713774.68,3681.2799999999993,False,False,no_covid_lived
d0fe7dbc-24d2-4f54-9726-6473035b8aff,1967-12-30,,999-63-5052,S99967480,X18358370X,Mr.,Kelley882,Kautzer186,,,S,white,nonhispanic,M,Lowell  Massachusetts  US,929 McClure Pathway,Williamsburg,Massachusetts,Hampshire County,,42.45172622815841,-72.7060068591213,169338.62,27761.1,False,False,no_covid_lived
54e2f2e1-6b52-423b-98e3-9a54c62b21d8,1997-10-08,,999-56-1306,S99910913,X23768642X,Ms.,Gisela897,Gorczany269,,,,white,nonhispanic,F,Waltham  Massachusetts  US,124 Russel Ramp,Dalton,Massachusetts,Berkshire County,,42.4471034979596,-73.15682382620426,70125.2,4582.55,False,False,no_covid_lived
16a05949-ecc2-4d14-8f7a-0779e90ee4c5,1956-02-09,,999-68-4308,S99952405,X5677599X,Mr.,Herb645,Larkin917,,,M,white,nonhispanic,M,Chelsea  Massachusetts  US,278 Kling Crossing Unit 90,Weymouth,Massachusetts,Norfolk County,,42.21183078418503,-70.89394242377878,1489914.84,6481.879999999999,False,False,no_covid_lived
b74b1281-75a8-4ad7-9bde-b477bd230ceb,1994-06-16,,999-51-9248,S99997289,X77464075X,Ms.,Georgeanna785,Thompson596,,,,black,nonhispanic,F,Lowell  Massachusetts  US,365 Schuster Glen,Pelham,Massachusetts,Hampshire County,,42.35580860774592,-72.38402023143607,571810.58,8494.88,False,False,no_covid_lived
7d67ab44-44e5-4242-a79c-f3401eeb886d,2017-05-04,,999-49-1094,,,,Zane918,Walter473,,,,black,nonhispanic,M,Swampscott  Massachusetts  US,676 Cummings Junction Apt 98,Boston,Massachusetts,Suffolk County,2134.0,42.387900105872525,-71.14470731443208,9535.3,1697.4,False,False,no_covid_lived
e293dc9d-6ad3-4765-bb26-c4b3638f4c56,1993-08-13,,999-15-5078,S99954112,X49543692X,Ms.,Hassie51,Murphy561,,,,white,hispanic,F,Winchester  Massachusetts  US,1049 Jenkins Harbor Apt 30,Hudson,Massachusetts,Middlesex County,,42.40656433185739,-71.51401012472151,87613.47,12724.45,False,False,no_covid_lived
96726555-e6df-49f9-ba30-bf77eac8ce3b,2016-06-21,,999-75-8222,,,,Preston275,Padberg411,,,,white,nonhispanic,M,Marlborough  Massachusetts  US,660 Armstrong Ramp,Brockton,Massachusetts,Plymouth County,,42.12424984768479,-71.0012853730973,12320.5,1895.72,False,False,no_covid_lived
a478731d-6881-404b-b517-aab14caaf40d,1979-05-01,,999-67-3156,S99979480,X79155341X,Mr.,Johnson679,Collins926,,,M,white,nonhispanic,M,Medford  Massachusetts  US,1055 Will Overpass,Yarmouth,Massachusetts,Barnstable County,,41.6398070442753,-70.17938939798053,991312.95,3853.8,False,False,no_covid_lived
181f2cf5-8035-4d64-9f24-651838d31ef9,1996-10-10,,999-75-2225,S99964070,X59603898X,Ms.,Helaine42,Pfannerstill264,,,,white,nonhispanic,F,Worcester  Massachusetts  US,527 Casper Wall,Lowell,Massachusetts,Middlesex County,1852.0,42.65917245387997,-71.32859866134228,479427.38,3810.44,False,False,no_covid_lived
